Uma ilha. Três pessoas. O começo de um reino.\n\nAlimente, construa e cuide de quem faz a vila viver.	One island. Three people. The beginning of a kingdom.\n\nFeed, build and care for the people who bring your village to life.
V0.0.5  ·  HORTAS E UMA VILA EM CRESCIMENTO\nSalve pela Vila · Salvamento automático a cada 2 minutos.	V0.0.5  ·  GARDENS AND A GROWING VILLAGE\nSave from Village · Autosave every 2 minutes.
Fundar uma civilização	Found a civilization
Continuar civilização	Continue civilization
Sair	Quit
Jogo pausado	Game paused
Salvar jogo	Save game
Fechar jogo	Quit game
Há água sob a construção. Aterre toda a área de %d × %d células.	There is water under the building. Fill the entire %d × %d cell area.
Este terreno está ocupado por um prédio, recurso ou obra.	This land is occupied by a building, resource or construction.
Área: %d × %d células + entrada livre na frente.\n	Area: %d × %d cells + a clear entrance in front.\n
Ampliar costa\nPincel ajustável	Expand coast\nAdjustable brush
Ctrl + roda ajusta o pincel; o custo depende apenas da água preenchida.	Ctrl + wheel adjusts the brush; cost depends only on water filled.
Ctrl + roda ajusta o pincel; Shift repete; Esc cancela. Só a água será aterrada.	Ctrl + wheel adjusts the brush; Shift repeats; Esc cancels. Only water will be filled.
Não há água para preencher neste pincel.	There is no water to fill under this brush.
Já existe uma obra neste trecho de água.	There is already construction on this water area.
Cada trecho de água precisa de uma margem acessível pela vila.	Each water area needs a shore accessible from the village.
Aterrar terreno · Pincel %d × %d	Fill terrain · Brush %d × %d
Células: %d · Pedras: %d · Madeiras: %d · Trabalho: %.1fs\nCtrl + roda: tamanho · Shift: repetir · Esc: cancelar	Cells: %d · Stone: %d · Wood: %d · Work: %.1fs\nCtrl + wheel: size · Shift: repeat · Esc: cancel
Uma pequena comunidade. Um futuro império.	A small community. A future empire.
Um Rei e dois trabalhadores. Replante pomares, construa moradias e cuide da alimentação.	A King and two workers. Replant orchards, build homes and keep everyone fed.
Construa casas para receber colonos. Renove os pomares e distribua o trabalho. O Rei também participa da vida da vila.	Build homes for settlers. Renew orchards and assign work. The King also helps the village.
%s\nDisponível para gastar: %d\nTotal armazenado: %d\nReservado para tarefas: %d\nEm transporte: %d	%s\nAvailable to spend: %d\nTotal stored: %d\nReserved for tasks: %d\nIn transit: %d
%s%s · %s · XP %.0f\nEnergia %d%% · Alimentação %d%% · %s\n%s · %s	%s%s · %s · XP %.0f\nEnergy %d%% · Nutrition %d%% · %s\n%s · %s
%s · %s · Fila: %d machados, %d picaretas · Prontos aqui: %d / %d · Aloque Oficina em Habitantes.	%s · %s · Queue: %d axes, %d pickaxes · Ready here: %d / %d · Assign Workshop workers in Residents.
%d/%d moradores · %d livres · %d em casa	%d/%d residents · %d free · %d at home
%d/%d moradores · %d dentro, descansando. 	%d/%d residents · %d resting indoors. 
%s\n%s\nMateriais: %s\n%s	%s\n%s\nMaterials: %s\n%s
%s · nível %d	%s · level %d
%d pedras restantes.	%d stone remaining.
Reiniciar a civilização? O progresso não salvo será perdido.	Restart the civilization? Unsaved progress will be lost.
Recomeçar Civiz Imperium	Restart Civiz Imperium
Continuar jogando	Keep playing
Reiniciar	Restart
Pausar	Pause
Continuar	Resume
Centrar	Center
Habitantes	Residents
Vila: expandir / evoluir	Village: expand / advance
Vila	Village
WASD: mover · Q/E ou roda: zoom · Shift: repetir · Home: centrar · Espaço: pausar · Esc: fechar / cancelar	WASD: move · Q/E or wheel: zoom · Shift: repeat · Home: center · Space: pause · Esc: close / cancel
WASD mover · Q/E zoom · Shift repetir · Home centrar · Espaço pausar	WASD move · Q/E zoom · Shift repeat · Home center · Space pause
DISTRIBUIR TRABALHO	ASSIGN WORK
Conhecer habitantes	Meet residents
HABITANTES E RESIDÊNCIAS	RESIDENTS AND HOMES
CIVILIZAÇÃO EXTINTA	CIVILIZATION EXTINCT
Nenhum habitante sobreviveu.\nUma nova ilha espera por outro começo.	No residents survived.\nA new island awaits a fresh start.
Começar novamente	Start again
Menu principal	Main menu
Fechar	Close
CONSTRUIR	BUILD
Atrair colonos\n5 Hortifruti + 3 madeiras	Attract settlers\n5 Produce + 3 wood
Plantar árvore\n2 Hortifruti	Plant tree\n2 Produce
Ampliar costa\n10 pedras + 5 madeiras	Expand coast\n10 stone + 5 wood
Coleta costeira\n+4 Hortifruti / 60s	Coastal forage\n+4 Produce / 60s
Evoluir vila\nNível %d	Advance village\nLevel %d
Moradores / descanso	Residents / rest
Investigar terreno	Survey land
Abrir pedreira · 10 madeiras + 5 pedras	Open quarry · 10 wood + 5 stone
Liberar terreno	Release land
Renovar pomar	Renew orchard
Renovação do pomar: 	Orchard renewal: 
Prioridade: 	Priority: 
Prioridade	Priority
Salvar partida	Save game
Carregar partida	Load game
Planos e progresso da vila	Village plans and progress
Planos / salvar	Plans / save
Mais casas com vagas permitem mais habitantes.	More vacant homes allow more residents.
0 = sem limite. Obras e reserva alimentar são somadas automaticamente.	0 = unlimited. Construction and food reserves are added automatically.
Metas de estoque: 0 significa sem limite.\nA vila soma a reserva alimentar e os materiais das obras.\nCasas com vagas permitem novas chegadas; mantenha comida disponível.	Stock targets: 0 means unlimited.\nThe village adds food reserves and construction materials.\nVacant homes allow new arrivals; keep food available.
Meta 	Target 
Manter em estoque:	Keep in stock:
Acordar	Wake up
Sem residência	No home
Sem ferramenta equipada	No tool equipped
Habitante falecido	Deceased resident
Desbloqueia na vila nível 2	Unlocks at village level 2
Construa a oficina	Build a workshop
Alocar habitante livre	Assign a free resident
Disponível	Available
Liberar metas · nível 2	Unlock targets · level 2
Reserva automática · nível 3	Automatic reserve · level 3
Nível máximo	Maximum level
Liberar pedreiras · nível 2	Unlock quarries · level 2
Requer depósito de pedra nível 2; aloque um mineiro.	Requires a level 2 stone depot; assign a miner.
Evoluir vila	Advance village
Vila próspera	Prosperous village
 · Nível 2 libera transportadores, carga maior.	 · Level 2 unlocks carriers and larger loads.
Disponível em %ds	Available in %ds
Plantar árvore	Plant tree
Ampliar a costa	Expand coast
Construir 	Build 
Marque no mapa. Shift repete; Esc cancela. Materiais serão levados ao local.	Choose a location. Shift repeats; Esc cancels. Materials will be delivered there.
Entregues: 	Delivered: 
 · Construindo	 · Building
 · Aguardando transporte / materiais	 · Awaiting transport / materials
. Estoque %d/%d.	. Storage %d/%d.
Espaço disponível	Space available
Cheio	Full
Rei 	King 
Ciclo da árvore	Tree cycle
Jazida de pedra	Stone deposit
Evolução até o próximo estágio	Growth to next stage
Estoque restante para coleta	Stock left to gather
Expansão costeira	Coastal expansion
Investigação de jazida	Deposit survey
Abertura de pedreira	Quarry opening
Reserva %s: %d pedras. Abrir consome materiais e trabalho.	%s reserve: %d stone. Opening requires materials and work.
Materiais aguardando transporte	Materials awaiting transport
Encomenda: 	Order: 
. O artesão recebe materiais; trabalhadores retiram ferramentas prontas.	. The crafter receives materials; workers collect finished tools.
Criar horta · 10 madeiras	Create garden · 10 wood
Criar horta	Create garden
Plantar · 2 Hortifruti	Plant · 2 Produce
Replantio automático: 	Auto-replant: 
Replantio automático	Auto-replant
Demolir · 10s	Demolish · 10s
Cancelar demolição	Cancel demolition
Cancelar obra	Cancel construction
Cercado: 10 madeiras uma vez. Plantio: 2 Hortifruti por ciclo. 60s; 15 Hortifruti.	Fence: 10 wood once. Planting: 2 Produce per cycle. 60s; 15 Produce.
Conclua a melhoria antes de demolir.	Finish the upgrade before demolition.
Construtor: 10s. Moradores se mudam; estoque fica no chão. Sem reembolso da construção.	Builder: 10s. Residents relocate; stored goods stay on the ground. No construction refund.
Antes da primeira martelada, materiais entregues ficam no chão; depois, são perdidos. Reservas e cargas em trânsito são preservadas.	Before the first hammer strike, delivered materials stay on the ground; afterwards they are lost. Reservations and cargo in transit are preserved.
Só pode cancelar antes da primeira martelada.	Can only cancel before the first hammer strike.
Horta 2 × 2	Garden 2 × 2
Horta crescendo · %ds para colher	Garden growing · harvest in %ds
Horta pronta · %d Hortifruti para colher	Garden ready · %d Produce to harvest
Canteiro vazio · Plantar: 2 Hortifruti	Empty plot · Plant: 2 Produce
Cercado: 	Fence: 
Plantio: 	Planting: 
 · Construtor · 10s	 · Builder · 10s
 · Comida · 4s	 · Food worker · 4s
 · Aguardando reserva alimentar	 · Awaiting food reserve
Moradores em mudança	Residents relocating
Precisamos de moradia para %d pessoas	Housing needed for %d residents
Demolindo · %.1f/10s	Demolishing · %.1f/10s
Demolição aguardando acesso	Demolition awaiting access
Demolição aguardando construtor	Demolition awaiting builder
Obra cancelada.	Construction cancelled.
Demolição concluída. Estoque preservado no chão.	Demolition complete. Stored goods preserved on the ground.
Mudando para 	Moving to 
Aguardando oficina disponível	Awaiting an available workshop
Marque uma horta 2 × 2. Cercado: 10 madeiras; plantio: 2 Hortifruti.	Place a 2 × 2 garden. Fence: 10 wood; planting: 2 Produce.
A horta exige terra livre e acessível.	Gardens require clear, accessible land.
Este terreno já está ocupado.	This land is already occupied.
Construção	Construction
Construções	Buildings
Construtor	Builder
Comida	Food
Coletor de comida	Food gatherer
Coletor de pedra	Stone gatherer
Coletor	Gatherer
Mineiro	Miner
Lenhador	Lumberjack
Transportador	Carrier
Transporte	Transport
Artesão	Crafter
Trabalhador	Worker
Livres	Free
Residência para quatro habitantes. Pode ser melhorada.	Home for four residents. Can be upgraded.
Oficina de ferramentas	Tool workshop
Encomende ferramentas. Melhorias liberam metas e reserva automática.	Order tools. Upgrades unlock targets and automatic reserves.
Depósito geral	Warehouse
Armazena até 200 unidades. Pode ser melhorado.	Stores up to 200 units. Can be upgraded.
Depósito de madeira	Wood depot
Lenhadores cortam apenas árvores no último estágio.	Lumberjacks only cut trees after all Produce has been harvested.
Base principal	Main base
Abrigo dos fundadores, reserva coletiva e expedições para atrair colonos.	Founders' shelter, shared reserves and expeditions to attract settlers.
Depósito de Hortifruti	Food depot
Organiza a coleta de Hortifruti e armazena as entregas.	Organizes Produce gathering and stores deliveries.
Depósito de pedra	Stone depot
Armazena pedra. No nível 2, libera investigação e pedreiras.	Stores stone. Level 2 unlocks surveys and quarries.
Moradia	Housing
Morador	Resident
Casa	House
Depósito	Depot
Oficina	Workshop
Hortifruti	Produce
madeiras	wood
pedras	stone
machados	axes
picaretas	pickaxes
Madeira: pronta para corte	Wood: ready to cut
Madeira	Wood
Pedra	Stone
Broto	Sprout
Muda	Sapling
Árvore jovem	Young tree
Árvore adulta	Adult tree
Frutificação	Fruiting
Envelhecendo	Aging
Melhoria solicitada: materiais serão entregues fisicamente.	Upgrade requested: materials will be physically delivered.
 concluída!	 complete!
Encomendas manuais	Manual orders
Reposição por metas da vila	Replenish village targets
Reserva conforme trabalhadores	Reserve based on workers
Produzindo ferramentas	Crafting tools
Produzindo 	Crafting 
Aguardando encomenda / meta	Awaiting order / target
Aguardando artesão	Awaiting crafter
Aguardando madeira / pedra	Awaiting wood / stone
Fonte esgotada. O espaço está livre para novas construções ou plantio.	Source exhausted. The space is free for building or planting.
Recurso esgotado; espaço liberado.	Resource exhausted; space cleared.
Pedreira aberta: 	Open quarry: 
Jazida: 	Deposit: 
 · próximo estágio em %ds	 · next stage in %ds
 · %d Hortifruti restantes · corte após esgotar a colheita	 · %d Produce left · cut after the harvest is exhausted
 · Hortifruti: ainda não produz	 · Produce: not ready yet
 · Hortifruti: 0	 · Produce: 0
 · %d madeiras · somente lenhadores	 · %d wood · lumberjacks only
Pedreira marcada: entregue materiais e aloque um mineiro.	Quarry marked: deliver materials and assign a miner.
Não foi possível salvar a partida.	Could not save the game.
Partida salva.	Game saved.
Nenhuma partida salva.	No saved game.
Partida restaurada. Os habitantes reorganizam suas tarefas.	Game restored. Residents are reorganizing their tasks.
Arquivo de partida inválido. A vila atual foi preservada.	Invalid save file. The current village was preserved.
Civilização extinta — nenhum habitante sobreviveu.	Civilization extinct — no residents survived.
%s morreu de fome.	%s died of starvation.
%s assume a coroa. A civilização continua.	%s takes the crown. The civilization continues.
Procurando trabalho	Looking for work
Concluindo entrega antes de trocar de função	Finishing delivery before changing assignment
Sem residência — construa uma casa	No home — build a house
Caminho para residência bloqueado	Path home blocked
Indo descansar em 	Going to rest at 
Descansando em 	Resting at 
: Eu ainda estava dormindo...	: I was still sleeping...
Fonte indisponível — escolhendo outro trabalho	Source unavailable — choosing another task
Investigando terreno	Surveying land
Abrindo pedreira	Opening quarry
Construindo	Building
Coletando	Gathering
Sem ferramenta — trabalhando devagar	No tool — working slowly
: minha ferramenta quebrou; vou procurar outra.	: my tool broke; I'll look for another.
Levando 	Carrying 
Metas atendidas ou aguardando insumos	Targets met or awaiting inputs
Contornando passagem bloqueada	Routing around blocked passage
Passagem bloqueada — aguardando acesso	Passage blocked — waiting for access
Sem acesso — tarefa liberada para outra tentativa	No access — task released for another attempt
Buscando ferramenta no estoque mais próximo	Fetching a tool from the nearest storage
Buscando Hortifruti — reserva alimentar baixa	Gathering Produce — low food reserves
Buscando 	Fetching 
Indo construir	Going to build
Investigando / abrindo pedreira	Surveying / opening quarry
Indo plantar	Going to plant
Indo trabalhar na oficina	Going to work at the workshop
Bancada ocupada — aguardando	Workbench occupied — waiting
Oficina cheia — aguardando retirada	Workshop full — waiting for pickup
Oficina abastecida; aguardando demanda ou insumos	Workshop supplied; awaiting demand or inputs
Aguardando materiais / trabalho	Awaiting materials / work
Livre — disponível para transporte	Free — available for transport
Depósitos cheios — aguardando espaço	Storage full — waiting for space
Indo coletar em posto reservado	Going to gather at a reserved work spot
Meta de estoque atendida — produção pausada	Stock target met — production paused
Postos ocupados ou sem acesso — aguardando	Work spots occupied or inaccessible — waiting
Sem fonte disponível — aguarde o ciclo ou plante	No source available — wait for growth or plant
Depósitos cheios — carga preservada no chão	Storage full — cargo preserved on the ground
Entregando em depósito com espaço reservado	Delivering to storage with reserved space
Preciso comer — fraco demais para trabalhar	I need food — too weak to work
Marque um terreno livre para plantar.	Choose clear land for planting.
Marque terra livre 3 × 3 para investigar.	Mark a clear 3 × 3 area to survey.
Marque um bloco de mar 3 × 3 junto à costa.	Mark a 3 × 3 sea block beside the coast.
Melhore um depósito de pedra para o nível 2.	Upgrade a stone depot to level 2.
Construa um depósito de comida.	Build a food depot.
Limite da região desta versão.	Region boundary for this version.
Plantio exige terra livre; expansão exige um bloco inteiramente no mar.	Planting needs clear land; expansion needs a block entirely in the sea.
Este espaço já pertence a uma árvore ou recurso.	This space already belongs to a tree or resource.
Há materiais aguardando transporte neste terreno.	Materials are awaiting transport on this land.
Precisa de acesso por terra junto à costa ou ao plantio.	Needs land access beside the coast or planting site.
Este pomar bloquearia a circulação.	This orchard would block passage.
Plantio marcado: aloque um trabalhador em Comida.	Planting marked: assign a Food worker.
Investigação marcada: aloque um mineiro.	Survey marked: assign a miner.
Aterro marcado: aloque um construtor.	Landfill marked: assign a builder.
Investigação concluída: %d pedras. Selecione a área para abrir a pedreira.	Survey complete: %d stone. Select the area to open a quarry.
Pedreira aberta. Mineiros extraem e transportam a pedra.	Quarry opened. Miners extract and transport stone.
Muda plantada. Acompanhe os estágios clicando na árvore.	Sapling planted. Click the tree to follow its growth.
Território ampliado!	Territory expanded!
 Uma jazida de 120 pedras foi descoberta.	 A deposit of 120 stone was discovered.
 Mais espaço para sua vila.	 More space for your village.
A vila já atingiu o nível máximo desta versão.	The village has reached the maximum level for this version.
Vila nível %d! Moradia: %d habitantes. Transporte especializado liberado; carga 7.	Village level %d! Housing: %d residents. Specialized transport unlocked; load 7.
Reserva da base cheia. Libere espaço ou amplie depósitos.	Base storage full. Free some space or expand storage.
Coleta costeira: +%d Hortifruti. Disponível novamente em 60s.	Coastal forage: +%d Produce. Available again in 60s.
Evolução disponível! Abra Vila: expandir / evoluir para chegar ao nível %d.	Advancement available! Open Village: expand / advance to reach level %d.
Abasteça a vila: Hortifruti %d/10 · pedra %d/10	Supply the village: Produce %d/10 · stone %d/10
Vila próspera! Continue expandindo e renovando seus pomares.	Prosperous village! Keep expanding and renewing your orchards.
Sugestão: renove os pomares e amplie a costa. Evolução: 	Tip: renew orchards and expand the coast. Advancement: 
Recursos disponíveis	Resources available
Falta: 	Missing: 
Conclua o prédio desta atividade antes de alocar trabalhadores.	Complete this activity's building before assigning workers.
Sem trabalhadores livres. Reduza outra atividade ou atraia colonos.	No free workers. Reduce another activity or attract settlers.
Não há trabalhadores nesta atividade.	There are no workers in this activity.
Distribuição atualizada. Quem já está entregando termina a viagem antes de trocar de função.	Assignments updated. Residents making deliveries finish the trip before changing activity.
Escolha terreno livre, longe da água, recursos e prédios.	Choose clear land away from water, resources and buildings.
Não construa sobre uma árvore ou recurso.	Do not build over a tree or resource.
Não bloqueie a entrada de uma obra.	Do not block a work site's entrance.
A entrada precisa de um quadrado livre na frente.	The entrance needs a clear cell in front.
Não bloqueie a entrada de outro prédio.	Do not block another building's entrance.
Há um habitante neste local.	There is a resident here.
Este local bloquearia a passagem dos habitantes.	This location would block residents' passage.
Este local impediria o acesso a um recurso.	This location would block access to a resource.
Obra marcada. Materiais serão transportados antes do trabalho do construtor.	Construction marked. Materials will be delivered before the builder starts work.
Escolha onde construir. Verde = permitido. Esc ou botão direito cancela.	Choose where to build. Green = allowed. Esc or right-click cancels.
Objetivo concluído! Sua vila já coleta e entrega comida e pedra automaticamente.	Objective complete! Your village now gathers and delivers food and stone automatically.
Precisa de uma vaga em casa concluída	Needs a vacancy in a completed home
Falta reserva de Hortifruti para mais um morador	Needs a Produce reserve for another resident
Aguardando todos os habitantes se alimentarem	Waiting for all residents to be fed
Já existe uma viagem em andamento	A trip is already in progress
Reserve mais Hortifruti antes de abastecer a expedição	Reserve more Produce before supplying the expedition
Uma viagem já está sendo preparada.	A trip is already being prepared.
Colonos precisam de moradia livre, população alimentada e reservas de Hortifruti.	Settlers need vacant housing, a fed population and Produce reserves.
Guarde comida suficiente para a população após abastecer a expedição.	Keep enough food for the population after supplying the expedition.
Expedição abastecida. Um barco poderá chegar após a preparação.	Expedition supplied. A boat may arrive after preparations.
%s desembarcou e recebeu residência em %s.	%s landed and was assigned a home at %s.
Um barco de colonos se aproxima da ilha!	A settlers' boat is approaching the island!
Barco aguardando moradia / comida / acesso	Boat awaiting housing / food / access
Barco chegando em %ds	Boat arriving in %ds
Possível chegada	Possible arrival
Expedição	Expedition
Plantio	Planting
Melhorar	Upgrade
baixa	low
normal	normal
urgente	urgent
ligada	on
desligada	off
ligado	on
desligado	off
pequena	small
média	medium
grande	large
Melhore um depósito de comida para o nível 2 para criar hortas.	Upgrade a food store to level 2 to create gardens.
Cortar agora	Cut down now
Cancelar corte	Cancel cutting
Corte iniciado	Cutting started
Frutas restantes são perdidas na primeira machadada. Lenhadores executam o corte.	Remaining fruit is lost at the first axe stroke. Woodcutters carry out the work.
 · %d Hortifruti restantes	 · %d Produce remaining
 · Corte solicitado; cancelável antes da primeira machadada.	 · Cutting ordered; cancellable before the first axe stroke.
 · Cortar agora perde %d Hortifruti ao iniciar o corte.	 · Cutting now loses %d Produce when work starts.
 · Corte iniciado; frutas perdidas. Plante outra árvore após liberar o local.	 · Cutting started; fruit lost. Plant another tree after clearing the site.
Entrada sem acesso; libere o caminho.	Entrance inaccessible; clear the path.
Obra aguardando materiais e transporte.	Construction awaiting materials and delivery.
Falta construtor.	No builder assigned.
Depósito cheio; libere espaço ou melhore o armazenamento.	Store full; free space or upgrade storage.
Oficina aguardando madeira / pedra.	Workshop awaiting wood / stone.
Meta de estoque atendida; produção pausada.	Stock target reached; production paused.
Sem fonte disponível; aguarde o ciclo ou prepare uma nova fonte.	No source available; wait for growth or prepare a new source.
Fonte sem acesso; libere o caminho.	Resource source inaccessible; clear the path.
Depósitos sem espaço acessível para esta coleta.	No accessible storage space for this resource.
Falta trabalhador.	No worker assigned.
Trabalhadores descansando.	Workers are resting.
Sem ferramenta; trabalho mais lento.	No tool; work is slower.
Nível máximo.	Maximum level.
Próximo nível: transportadores e carga de 5 → 7.	Next level: carriers and carrying capacity 5 → 7.
Próximo nível: nível 3 da vila; sem bônus adicional de produção.	Next level: village level 3; no additional production bonus.
Próximo nível: vagas %d → %d.	Next level: housing capacity %d → %d.
Próximo nível: armazenamento %d → %d.	Next level: storage capacity %d → %d.
 Libera criar hortas.	 Unlocks new gardens.
 Libera investigar terreno e abrir pedreiras.	 Unlocks surveys and quarry excavation.
 Libera reposição por metas.	 Unlocks restocking to targets.
 Reserva automática: 1 ferramenta a cada 2 trabalhadores da profissão, arredondando para cima.	 Automatic reserve: 1 tool per 2 workers in the profession, rounded up.
Ver impedimento	Inspect issue
Abrir Habitantes	Open Inhabitants
Ver ferramentas	View tools
Ver metas	View targets
Ver armazenamento / obra	View storage / construction
Este trecho já está marcado para aterro.	This area is already queued for filling.
Ctrl + roda: tamanho · Shift: repetir · Esc: cancelar	Ctrl + wheel: size · Shift + drag: paint · Esc: cancel
Ctrl + roda: tamanho · Shift + arraste: pintar · Esc: cancelar	Ctrl + wheel: size · Shift + drag: paint · Esc: cancel
Ctrl + roda ajusta o pincel; Shift + arraste marca o percurso; Esc cancela. Só a água será aterrada.	Ctrl + wheel adjusts the brush; Shift + drag paints along the path; Esc cancels. Only water is filled.
V0.0.5.1  ·  EXPANSÃO FLUIDA E ADMINISTRAÇÃO CLARA	V0.0.5.1  ·  FLUID EXPANSION AND CLEAR MANAGEMENT
Lenhadores cortam árvores esgotadas ou marcadas com Cortar agora.	Woodcutters cut exhausted trees or trees marked with Cut down now.
Células: %d · Pedras: %d · Madeiras: %d · Trabalho: %.1fs\nCtrl + roda: tamanho · Shift + arraste: pintar · Esc: cancelar	Cells: %d · Stone: %d · Wood: %d · Work: %.1fs\nCtrl + wheel: size · Shift + drag: paint · Esc: cancel
Aguardando produção	Awaiting production
Este espaço está reservado para retirar materiais de uma obra.	This space is reserved for clearing construction materials.
Liberando terreno: transportando materiais para um local livre.	Clearing the site: moving materials to a free position.
Limpeza aguardando construtor, transportador ou habitante livre.	Site clearing awaits a builder, carrier or idle resident.
Liberando terreno: aguardando retirada dos materiais e espaço livre.	Clearing the site: awaiting material removal and a free position.
Liberando terreno: aguardando os habitantes saírem.	Clearing the site: waiting for residents to move out.
Retirando materiais da área de construção	Removing materials from the construction site
Aguardando espaço livre para desocupar a obra	Waiting for free space to leave the construction site
Saindo da área de construção	Leaving the construction site
Levando materiais para um local livre	Moving materials to a free position
Materiais soltos serão retirados; habitantes sairão antes da construção.	Loose materials will be moved; residents will leave before construction.
Uma ilha. O começo de um reino.	One island. The beginning of a kingdom.
Jogar	Play
Voltar	Back
Cancelar	Cancel
Online — em breve	Online — coming soon
Configurações	Settings
Suas ilhas	Your islands
Cinco civilizações. Cada uma com sua própria história.	Five civilizations. Each with its own story.
Espaço livre	Empty slot
Uma nova civilização	A new civilization
Criar ilha	Create island
Criar uma ilha	Create an island
Criar e jogar	Create and play
Nome da ilha	Island name
Use um nome de 1 a 40 caracteres, sem barras ou quebras de linha.	Use 1 to 40 characters, without slashes or line breaks.
%d habitantes · Base nível %d	%d residents · Base level %d
Arquivo indisponível	Save unavailable
Continuar	Continue
Apagar ilha?	Delete island?
Apagar definitivamente	Delete permanently
Apagar a ilha %s? Todo o progresso será perdido.	Delete island %s? All progress will be lost.
Apagar	Delete
Ilha importada	Imported island
Música	Music
Efeitos sonoros	Sound effects
Resolução	Resolution
Resolução em janela	Window resolution
Em tela cheia, usamos a resolução do monitor.	Fullscreen uses your monitor's resolution.
Tela cheia	Fullscreen
Aplicar vídeo	Apply video
Idioma	Language
Manter estas configurações?	Keep these settings?
Manter	Keep
Reverter	Revert
Revertendo em %d segundos.	Reverting in %d seconds.
Salvar e voltar ao menu	Save and return to menu
Não foi possível salvar as configurações.	Could not save settings.
Catálogo recuperado da cópia de segurança.	Island list recovered from backup.
Não foi possível ler as ilhas. Seus arquivos foram preservados.	Could not read the islands. Your files have been preserved.
Não foi possível ler esta ilha. Seus arquivos foram preservados.	Could not read this island. Your files have been preserved.
Não foi possível apagar a ilha. Seus arquivos foram preservados.	Could not delete the island. Your files have been preserved.
Não foi possível salvar a partida. O salvamento anterior foi preservado.	Could not save. The previous save has been preserved.
Não foi possível verificar o salvamento. Seus arquivos foram preservados.	Could not verify the save. Your files have been preserved.
O salvamento antigo não pôde ser importado. O original foi preservado.	The old save could not be imported. The original has been preserved.
A importação precisa de um espaço livre. O salvamento antigo foi preservado.	Import needs an empty slot. The old save has been preserved.
Os cinco espaços estão ocupados. Apague uma ilha para criar outra.	All five slots are occupied. Delete an island to create another.
Escolha uma ilha no menu Jogar antes de salvar.	Choose an island in the Play menu before saving.
V0.0.6.1 · Ouro e novos horizontes	V0.0.6.1 · Gold and new horizons
Equipes da ilha	Island workforce
Gerenciar equipe	Manage team
Aterrar	Reclaim land
Posto de mineração de ouro	Gold mining post
Mineração de ouro	Gold mining
Mineiro de ouro	Gold miner
Minério de ouro	Gold ore
Barras de ouro	Gold bars
Fundição	Smelter
Fundidor	Smelter worker
Ouro	Gold
Até três mineiros. Entregam minério aqui; requer base nível 3.	Up to three miners deliver ore here. Requires a level 3 village.
Duas bancadas: 5 minérios + 2 madeiras → 1 barra. Requer base nível 3.	Two benches: 5 ore + 2 wood → 1 bar. Requires a level 3 village.
Evolua a base para o nível 3.	Advance the village to level 3.
Este terreno sobrepõe uma investigação anterior.	This area overlaps a previous survey.
Este terreno já foi investigado. A jazida não se regenera.	This area was already surveyed. Deposits do not regenerate.
Investigação concluída: %d %s. Selecione a área para abrir a jazida.	Survey complete: %d %s. Select the area to open the deposit.
Jazida de ouro marcada: entregue materiais e aloque um construtor.	Gold deposit marked: deliver materials and assign a builder.
Jazida de ouro aberta. Aloque mineiros no posto de mineração.	Gold deposit opened. Assign miners at the mining post.
Jazida de ouro	Gold deposit
Jazida esgotada. Selecione Liberar terreno para reutilizar a área.	Deposit exhausted. Select Release land to reuse this area.
Jazida de ouro · %d minérios restantes · até dois postos de extração	Gold deposit · %d ore remaining · up to two extraction positions
Jazida esgotada — libere o terreno para construir.	Exhausted deposit — release the land to build here.
Abrir jazida · 10 madeiras + 10 pedras	Open deposit · 10 wood + 10 stone
Reserva: %d %s. Abrir consome materiais e trabalho.	Deposit: %d %s. Opening requires materials and work.
Fundição: %d lotes em andamento	Smelter: %d batches in progress
Saída cheia — aguardando transporte de barras	Output full — waiting for bar transport
Aguardando minério de ouro	Waiting for gold ore
Aguardando madeira para o forno	Waiting for furnace wood
Aguardando trabalhador da fundição	Waiting for a smelter worker
Falta trabalhador da fundição.	No smelter worker assigned.
Fundindo barras de ouro	Smelting gold bars
Indo trabalhar na fundição	Walking to the smelter
Aguardando fundição disponível	Waiting for an available smelter
Posto de mineração cheio ou indisponível — aguardando transporte	Mining post full or unavailable — waiting for transport
Mudança pendente — entregando a carga	Assignment pending — delivering cargo
Sem posto acessível com vaga para esta atividade.	No accessible workplace with room for this activity.
Sem melhorias adicionais nesta versão.	No additional upgrades in this version.
Próximo nível: mineração de ouro, fundição e comércio marítimo.	Next level: gold mining, smelting and sea trade.
5 minérios + 2 madeiras → 1 barra · 15s por bancada	5 ore + 2 wood → 1 bar · 15s per bench
%d trabalhando · %d a caminho · %d descansando · %d aguardando	%d working · %d travelling · %d resting · %d waiting
%d mudanças pendentes	%d pending assignments
Conclua um posto acessível para esta atividade.	Complete an accessible workplace for this activity.
%d/%d vagas ocupadas	%d/%d positions filled
Cancelar investigação	Cancel survey
Era do ouro: melhore o depósito de pedra para investigar terrenos.	The gold age: upgrade stone storage to survey new land.
Ouro descoberto: selecione a área e abra a jazida com um construtor.	Gold discovered: select the site and open it with a builder.
Investigue terrenos para encontrar ouro. Resultados permanecem fixos por local.	Survey new land to find gold. Each location keeps its discovery.
Construa um posto de mineração para extrair o ouro descoberto.	Build a mining post to extract the discovered gold.
Aloque mineiros de ouro em Habitantes. Eles usam picaretas.	Assign gold miners in Residents. They use pickaxes.
Construa uma fundição: minério e madeira viram barras de ouro.	Build a smelter: ore and wood become gold bars.
Aloque fundidores e transportadores para produzir e guardar barras.	Assign smelter workers and carriers to produce and store bars.
Produza cinco barras para construir o porto comercial e abrir novas rotas.	Produce five bars to build a trading port and open new routes.
Bancadas: %.1f/15s · %.1f/15s	Benches: %.1f/15s · %.1f/15s
Porto comercial	Trading port
Porto	Port
Girar porto · R	Rotate port · R
Sul	South
Oeste	West
Norte	North
Leste	East
Mar ao %s · 5 × 2 em terra; 5 × 3 em água · R para girar	Sea to the %s · 5 × 2 on land; 5 × 3 on water · R to rotate
Ponto de carga marcado em dourado. Clique para construir.	Loading point marked in gold. Click to build.
Entreposto na costa. Recebe comerciantes e até 200 unidades de carga; requer base nível 3.	Coastal trading post. Receives merchants and up to 200 cargo units; requires a level 3 base.
Cada ilha pode ter apenas um porto, incluindo obras e demolições.	Each island can have only one port, including construction and demolition sites.
O porto exige 5 × 2 células em terra, 5 × 3 em água e aproximação livre para o barco.	The port needs 5 × 2 land cells, 5 × 3 water cells and a clear boat approach.
O ponto de carga precisa de um caminho por terra até a vila.	The loading point needs a land route to the village.
Este porto bloquearia a passagem dos habitantes.	This port would block residents' paths.
Este porto impediria o acesso a um recurso.	This port would block access to a resource.
O cais precisa de mar aberto; um lago fechado não recebe comerciantes.	The dock needs open sea; an enclosed lake cannot receive merchants.
Este espaço está reservado para o porto e seus acessos.	This space is reserved for the port and its access routes.
Este espaço está reservado para o porto e a aproximação dos barcos.	This space is reserved for the port and approaching boats.
Aguarde o barco passar antes de aterrar este trecho.	Wait for the boat to pass before filling this water.
Aguardando a conclusão do porto.	Waiting for port construction to finish.
Porto sem acesso por terra.	Port has no land access.
A aproximação do barco está bloqueada.	The boat approach is blocked.
Porto sem rota para o mar aberto.	Port has no route to the open sea.
Nova tentativa em 30 segundos.	Retrying in 30 seconds.
Comerciante a caminho do porto.	Merchant sailing to the port.
Comerciante atracado. Novos negócios disponíveis por 120 segundos.	Merchant docked. New trades available for 120 seconds.
Comerciante: faltam 30 segundos para novos negócios. Pedidos confirmados serão aguardados.	Merchant: 30 seconds left for new trades. Confirmed orders will be awaited.
Comerciante deixando a ilha.	Merchant leaving the island.
Rota do comerciante bloqueada; aguardando passagem por água.	Merchant route blocked; waiting for a clear water passage.
Prazo encerrado · Aguardando entregas	Trading window closed · Waiting for deliveries
Prazo encerrado · Preparando partida	Trading window closed · Preparing departure
Novos negócios: %ds · Pedidos confirmados aguardam entrega	New trades: %ds · Confirmed orders await delivery
Próxima tentativa de visita: %ds	Next visit attempt: %ds
Demolição aguardando a partida do comerciante.	Demolition waiting for the merchant to leave.
Negociar no porto	Trade at port
Comprar	Buy
Vender	Sell
Compra	Purchase
Venda	Sale
Quantidade de unidades	Quantity of units
Confirmar negócio	Confirm trade
Preparar outro pedido	Prepare another order
Levar material ao galpão	Move goods to warehouse
Pedidos e entregas	Orders and deliveries
Cancelar negócio	Cancel trade
Comprar %d unidades por %d barras	Buy %d units for %d gold bars
Vender %d unidades por %d barras	Sell %d units for %d gold bars
Orçamento do comerciante: %d barras · Recebimento: %d/200 unidades	Merchant budget: %d gold bars · Receiving: %d/200 units
Vende %d · Compra %d	Sells %d · Buys %d
Origem: %s\nDestino: %s	From: %s\nTo: %s
Origem:	From:
Destino:	To:
Transportadores ocupados ou descansando; o pedido aguardará na fila.	Carriers are busy or resting; the order will wait in the queue.
A carga será levada ao barco em viagens; nada é trocado ao clicar.	Carriers will make trips to the boat; clicking does not exchange goods.
Pedido %d confirmado. O pagamento depende da entrega completa.	Order %d confirmed. Payment requires complete delivery.
Transporte ao galpão solicitado. Confirme o negócio depois que o material chegar.	Warehouse transfer requested. Confirm the trade once the goods arrive.
Entregue ao barco: %d/%d	Delivered to boat: %d/%d
Carga recebida · Restam %d unidades até o galpão	Goods received · %d units still to reach the warehouse
Cancelado · Restam %d unidades para devolver	Cancelled · %d units still to return
Na fila, aguardando o negócio anterior.	Queued, waiting for the previous trade.
Escolha uma quantidade em múltiplos de 10.	Choose a quantity in multiples of 10.
A visita está encerrada ou o comerciante ainda não atracou.	The trading window is closed or the merchant has not docked yet.
Aloque pelo menos um transportador com acesso ao porto em Habitantes.	Assign at least one carrier with port access in Residents.
O comerciante não tem orçamento ou limite disponível para esta venda.	The merchant has insufficient budget or buying allowance for this sale.
O comerciante não tem esta quantidade disponível.	The merchant does not have this quantity available.
Preserve a reserva alimentar de três unidades por habitante.	Keep a food reserve of three units per resident.
Leve este material ao galpão para vender	Move these goods to a general warehouse before trading
Material insuficiente, reservado ou sem acesso nos galpões gerais.	Insufficient, reserved or inaccessible goods in general warehouses.
Sem espaço livre no recebimento do porto.	No free space in the port receiving area.
Sem espaço reservado para receber a mercadoria nos galpões gerais.	No available receiving space in general warehouses.
Identificação de confirmação ausente.	Missing confirmation identifier.
Aguardando galpão livre e caminho para recolher a carga.	Waiting for warehouse space and a route to collect the cargo.
Aguardando o comerciante desta ordem.	Waiting for this order's merchant.
Aguardando transportador, carga em viagem ou caminho livre.	Waiting for a carrier, cargo in transit or an open route.
Venda pausada para preservar a reserva alimentar.	Sale paused to preserve the food reserve.
Aguardando transportadores em Habitantes.	Waiting for carriers assigned in Residents.
Aguardando espaço no porto para garantir a devolução da carga.	Waiting for port space to guarantee cargo can be returned.
Recebimento do porto ocupado; aguardando espaço.	Port receiving area occupied; waiting for space.
Negócio %d concluído. Carga recebida no porto; aguardando transporte ao galpão.	Trade %d complete. Goods received at port; waiting for warehouse transport.
Negócio cancelado; materiais serão devolvidos ao galpão.	Trade cancelled; goods will return to a warehouse.
Carga comercial preservada; aguardando galpão ou caminho.	Trade cargo preserved; waiting for a warehouse or route.
Levando carga do negócio %d	Carrying cargo for trade %d
Negócio cancelado pela demolição; devolução em andamento.	Trade cancelled by demolition; goods are being returned.
Ordem inconsistente cancelada ao carregar; bens preservados.	Inconsistent order cancelled on load; owned goods preserved.
Todos os postos desta atividade estão lotados.	All workplaces for this activity are full.
%d habitantes · %d livres · %d atribuídos\n%d ativos · %d indisponíveis · Moradia %d/%d	%d residents · %d unassigned · %d assigned\n%d active · %d unavailable · Housing %d/%d
Área já investigada. Para construir no terreno liberado, escolha um prédio no menu Construir. Investigar novamente não renova a jazida.	This area has already been surveyed. To build on cleared land, choose a building from Build. Surveying again does not renew the deposit.
